tid,accuracy
4035470,0.9103448275862069
10840758,0.8896551724137931
2134446,0.8758620689655172
7569287,0.8758620689655172
9866441,0.863013698630137
8475727,0.8571428571428571
5625634,0.8551724137931035
5605684,0.8513513513513513
3374235,0.8482758620689655
1202518,0.8482758620689655
6763252,0.8482758620689655
5486468,0.8482758620689655
10773648,0.8482758620689655
9256685,0.8482758620689655
8268253,0.84472049689441
10788645,0.8413793103448276
9239686,0.8413793103448276
5901253,0.8344827586206897
9355506,0.8344827586206897
10741564,0.8344827586206897
10735361,0.8275862068965517
8673096,0.821917808219178
2659038,0.821656050955414
11052140,0.8206896551724138
5731984,0.8163265306122449
9871233,0.8137931034482758
10746111,0.8137931034482758
5114880,0.8082191780821918
10893556,0.8068965517241379
5017701,0.8
2944256,0.8
4254843,0.8
2537108,0.7959183673469388
6532145,0.7959183673469388
9646653,0.7931034482758621
4670377,0.7931034482758621
2289549,0.7919463087248322
8280802,0.7908496732026143
4838513,0.7891156462585034
4779161,0.7862068965517242
6685738,0.7862068965517242
2180819,0.7862068965517242
10662947,0.7862068965517242
11034831,0.7862068965517242
2705475,0.7808219178082192
4269757,0.7793103448275862
2736219,0.773972602739726
9712067,0.7724137931034483
10504527,0.7724137931034483
10713489,0.7718120805369127
10021116,0.7697368421052632
4796785,0.7687074829931972
2506942,0.7655172413793103
5948426,0.7655172413793103
9389859,0.7655172413793103
2873289,0.7586206896551724
672091,0.7586206896551724
5176869,0.7583892617449665
3659045,0.7518796992481203
9136442,0.7482993197278912
9316816,0.7448275862068966
6726697,0.7448275862068966
9027509,0.7414965986394558
10954028,0.7379310344827587
6772642,0.7379310344827587
10790802,0.7337278106508875
10963783,0.7310344827586207
7722129,0.7284768211920529
3031154,0.7248322147651006
4190054,0.7241379310344828
2703224,0.7241379310344828
10681694,0.7241379310344828
10415549,0.7241379310344828
10933339,0.7241379310344828
10750587,0.7241379310344828
9390607,0.7172413793103448
4170692,0.7169811320754716
4490707,0.7152317880794702
6941421,0.7103448275862069
10836276,0.696551724137931
10720062,0.696551724137931
3278926,0.6928104575163399
9193144,0.6917808219178082
6755186,0.6896551724137931
9390595,0.6896551724137931
4120369,0.6896551724137931
3744047,0.6896551724137931
8963732,0.6896551724137931
1595177,0.6842105263157895
10750087,0.6827586206896552
1820786,0.6783625730994152
10708495,0.6758620689655173
11020434,0.6758620689655173
9541582,0.6758620689655173
4715101,0.6756756756756757
2997888,0.6733333333333333
4221331,0.6689655172413793
5848005,0.6551724137931034
3928887,0.6482758620689655
4050566,0.6466666666666666
5802021,0.6462585034013606
10821188,0.6344827586206897
9956055,0.6291390728476821
8927100,0.6225165562913907
7843734,0.6206896551724138
8961774,0.6158940397350994
4917092,0.5793103448275863
10747712,0.5741935483870968
287758,0.5714285714285714
9391819,0.5655172413793104
10648539,0.5570469798657718
2532771,0.5310344827586206
4187985,0.5241379310344828
2663344,0.5102040816326531
2863673,0.4897959183673469
10917629,0.4689655172413793
